WIN_20211024_23_53_24_Pro.jpg,1280,720,me,432,157,773,464
WIN_20211024_23_53_26_Pro.jpg,1280,720,me,450,211,771,508
WIN_20211024_23_53_27_Pro.jpg,1280,720,me,461,201,769,490
WIN_20211024_23_53_28_Pro.jpg,1280,720,me,446,189,779,484
WIN_20211024_23_53_30_Pro.jpg,1280,720,me,471,145,772,474
WIN_20211024_23_53_33_Pro.jpg,1280,720,me,479,110,775,429
WIN_20211024_23_53_37_Pro.jpg,1280,720,me,464,93,764,385
WIN_20211024_23_53_39_Pro (2).jpg,1280,720,me,416,120,742,430
WIN_20211024_23_53_39_Pro.jpg,1280,720,me,424,110,724,405
WIN_20211024_23_53_41_Pro.jpg,1280,720,me,371,168,717,448
WIN_20211024_23_53_42_Pro.jpg,1280,720,me,351,192,699,485
WIN_20211024_23_53_43_Pro.jpg,1280,720,me,351,194,647,482
WIN_20211024_23_53_46_Pro.jpg,1280,720,me,351,253,680,526
WIN_20211024_23_53_53_Pro.jpg,1280,720,me,303,219,628,501
WIN_20211024_23_53_54_Pro.jpg,1280,720,me,294,212,643,516
WIN_20211024_23_53_56_Pro.jpg,1280,720,me,323,197,658,501
WIN_20211024_23_53_58_Pro (2).jpg,1280,720,me,340,152,669,496
WIN_20211024_23_53_58_Pro.jpg,1280,720,me,338,188,679,489
WIN_20211024_23_54_02_Pro.jpg,1280,720,me,362,75,694,403
WIN_20211024_23_54_03_Pro.jpg,1280,720,me,383,68,684,371
WIN_20211024_23_54_04_Pro.jpg,1280,720,me,386,78,702,382
WIN_20211024_23_54_05_Pro.jpg,1280,720,me,386,82,680,385
WIN_20211024_23_54_07_Pro (2).jpg,1280,720,me,306,86,666,381
WIN_20211024_23_54_07_Pro.jpg,1280,720,me,312,73,630,371
WIN_20211024_23_54_09_Pro (2).jpg,1280,720,me,238,170,571,466
WIN_20211024_23_54_09_Pro.jpg,1280,720,me,240,145,542,493
WIN_20211024_23_54_12_Pro.jpg,1280,720,me,777,162,1093,484
WIN_20211024_23_54_13_Pro.jpg,1280,720,me,768,152,1099,467
WIN_20211024_23_54_15_Pro.jpg,1280,720,me,747,216,1099,519
WIN_20211024_23_54_17_Pro (2).jpg,1280,720,me,705,299,1050,589
WIN_20211024_23_54_17_Pro.jpg,1280,720,me,714,300,1038,582
WIN_20211024_23_54_18_Pro.jpg,1280,720,me,679,314,1002,607
WIN_20211024_23_54_19_Pro.jpg,1280,720,me,668,327,1008,601
WIN_20211024_23_54_21_Pro.jpg,1280,720,me,780,159,1080,470
WIN_20211024_23_54_22_Pro.jpg,1280,720,me,762,157,1060,440
WIN_20211024_23_54_23_Pro.jpg,1280,720,me,754,111,998,408
WIN_20211024_23_54_26_Pro.jpg,1280,720,me,347,174,628,438
WIN_20211024_23_54_27_Pro.jpg,1280,720,me,365,185,625,463
WIN_20211024_23_54_28_Pro.jpg,1280,720,me,358,226,643,473
WIN_20211024_23_55_12_Pro.jpg,1280,720,me,561,157,876,431
WIN_20211024_23_55_13_Pro.jpg,1280,720,me,561,142,869,445
WIN_20211024_23_55_15_Pro.jpg,1280,720,me,460,189,806,481
WIN_20211024_23_55_17_Pro.jpg,1280,720,me,460,238,771,493
WIN_20211024_23_55_18_Pro.jpg,1280,720,me,449,317,672,531
WIN_20211024_23_55_19_Pro.jpg,1280,720,me,427,314,687,525
WIN_20211024_23_55_22_Pro.jpg,1280,720,me,462,271,703,514
WIN_20211024_23_55_25_Pro.jpg,1280,720,me,440,174,760,479
WIN_20211024_23_55_26_Pro.jpg,1280,720,me,446,110,757,447
WIN_20211024_23_55_27_Pro.jpg,1280,720,me,398,89,694,440
WIN_20211024_23_55_29_Pro.jpg,1280,720,me,456,84,743,422
WIN_20211024_23_55_30_Pro.jpg,1280,720,me,479,97,806,408
WIN_20211024_23_55_31_Pro.jpg,1280,720,me,542,119,856,407
WIN_20211024_23_55_33_Pro.jpg,1280,720,me,590,133,890,444
WIN_20211024_23_55_34_Pro.jpg,1280,720,me,636,151,908,433
WIN_20211024_23_55_37_Pro.jpg,1280,720,me,616,64,865,327
WIN_20211024_23_55_38_Pro.jpg,1280,720,me,597,49,849,303
WIN_20211024_23_55_39_Pro.jpg,1280,720,me,553,57,810,271
WIN_20211024_23_55_40_Pro.jpg,1280,720,me,495,73,724,274
WIN_20211024_23_55_42_Pro.jpg,1280,720,me,446,70,656,303
WIN_20211024_23_55_43_Pro.jpg,1280,720,me,399,56,602,330
WIN_20211024_23_55_44_Pro.jpg,1280,720,me,383,63,580,375
WIN_20211024_23_55_45_Pro.jpg,1280,720,me,388,84,573,386
WIN_20211024_23_55_46_Pro.jpg,1280,720,me,390,77,577,374
WIN_20211024_23_55_47_Pro.jpg,1280,720,me,417,70,613,370
WIN_20211024_23_55_48_Pro.jpg,1280,720,me,443,49,666,337
WIN_20211024_23_55_50_Pro.jpg,1280,720,me,497,47,773,329
WIN_20211024_23_55_51_Pro.jpg,1280,720,me,528,37,816,323
WIN_20211024_23_55_52_Pro.jpg,1280,720,me,573,36,828,316
WIN_20211024_23_55_53_Pro.jpg,1280,720,me,647,53,868,345
WIN_20211024_23_55_54_Pro.jpg,1280,720,me,638,88,860,403
WIN_20211024_23_55_55_Pro.jpg,1280,720,me,536,100,820,381
WIN_20211024_23_56_02_Pro.jpg,1280,720,me,342,171,484,482
WIN_20211024_23_56_03_Pro.jpg,1280,720,me,327,266,493,534
WIN_20211024_23_56_04_Pro.jpg,1280,720,me,368,242,527,515
WIN_20211024_23_56_05_Pro.jpg,1280,720,me,414,230,631,508
WIN_20211024_23_56_06_Pro.jpg,1280,720,me,451,223,721,493
WIN_20211024_23_56_08_Pro.jpg,1280,720,me,506,216,793,503
WIN_20211024_23_56_09_Pro.jpg,1280,720,me,610,215,845,496
WIN_20211024_23_56_10_Pro.jpg,1280,720,me,706,200,912,507
WIN_20211024_23_56_11_Pro.jpg,1280,720,me,819,244,983,523
WIN_20211024_23_56_12_Pro.jpg,1280,720,me,851,227,1014,514
WIN_20211024_23_56_14_Pro.jpg,1280,720,me,827,334,972,548
WIN_20211024_23_56_15_Pro.jpg,1280,720,me,713,356,894,549
WIN_20211024_23_56_16_Pro.jpg,1280,720,me,653,368,850,600
WIN_20211024_23_56_18_Pro.jpg,1280,720,me,501,322,782,531
WIN_20211024_23_56_19_Pro.jpg,1280,720,me,413,275,714,536
WIN_20211024_23_56_20_Pro.jpg,1280,720,me,382,304,609,551
WIN_20211024_23_56_21_Pro.jpg,1280,720,me,349,320,513,559
WIN_20211024_23_56_23_Pro.jpg,1280,720,me,532,144,754,255
WIN_20211024_23_56_27_Pro.jpg,1280,720,me,806,156,924,442
WIN_20211024_23_56_29_Pro.jpg,1280,720,me,730,94,910,351
WIN_20211024_23_56_31_Pro.jpg,1280,720,me,397,114,558,355
